{
    "$schema": "http://schema.management.azure.com/schemas/2015-01-01/deploymentTemplate.json#",
    "contentVersion": "1.0.0.0",
    "parameters": {
        "factoryName": {
            "type": "string",
            "metadata": "Data Factory name",
            "defaultValue": "IBL-DEV-ENV"
        },
        "AzureDataLakeStorage1_properties_typeProperties_url": {
            "type": "string",
            "defaultValue": "https://ibldevadls101.dfs.core.windows.net/"
        },
        "LS_DevKeyVault1_properties_typeProperties_baseUrl": {
            "type": "string",
            "defaultValue": "https://IBL-DEV-KV.vault.azure.net/"
        },
        "MySql1_properties_typeProperties_connectionString_secretName": {
            "type": "string",
            "defaultValue": "mysql"
        },
        "SHIR-PRO_properties_typeProperties_linkedInfo_resourceId": {
            "type": "string",
            "defaultValue": "/subscriptions/4b3d27d7-ff8a-428b-acaa-856bcf94bba6/resourcegroups/IBL-PROD-RG/providers/Microsoft.DataFactory/factories/IBL-PROD-ENV/integrationruntimes/SHIR-PRO"
        },
        "containerUri": {
            "type": "string",
            "metadata": "URI to storage account containing linked ARM templates"
        },
        "containerSasToken": {
            "type": "string",
            "metadata": "Sas token to storage account containing linked ARM templates"
        }
    },
    "variables": {
        "factoryId": "[concat('Microsoft.DataFactory/factories/', parameters('factoryName'))]"
    },
    "resources": [
        {
            "name": "IBL-DEV-ENV_ArmTemplate_0",
            "type": "Microsoft.Resources/deployments",
            "apiVersion": "2018-02-01",
            "properties": {
                "mode": "incremental",
                "templateLink": {
                    "uri": "[concat(parameters('containerUri'), '/ArmTemplate_0.json', parameters('containerSasToken'))]",
                    "contentVersion": "1.0.0.0"
                },
                "parameters": {
                    "factoryName": {
                        "value": "[parameters('factoryName')]"
                    },
                    "LS_DevKeyVault1_properties_typeProperties_baseUrl": {
                        "value": "[parameters('LS_DevKeyVault1_properties_typeProperties_baseUrl')]"
                    },
                    "SHIR-PRO_properties_typeProperties_linkedInfo_resourceId": {
                        "value": "[parameters('SHIR-PRO_properties_typeProperties_linkedInfo_resourceId')]"
                    },
                    "AzureDataLakeStorage1_properties_typeProperties_url": {
                        "value": "[parameters('AzureDataLakeStorage1_properties_typeProperties_url')]"
                    },
                    "MySql1_properties_typeProperties_connectionString_secretName": {
                        "value": "[parameters('MySql1_properties_typeProperties_connectionString_secretName')]"
                    }
                }
            },
            "dependsOn": []
        }
    ]
}