{
    "$schema": "https://schema.management.azure.com/schemas/2015-01-01/deploymentParameters.json#",
    "contentVersion": "1.0.0.0",
    "parameters": {
        "factoryName": {
            "value": "IBL-DEV-ENV"
        },
        "AzureDataLakeStorage1_properties_typeProperties_url": {
            "value": "https://ibldevadls101.dfs.core.windows.net/"
        },
        "LS_DevKeyVault1_properties_typeProperties_baseUrl": {
            "value": "https://IBL-DEV-KV.vault.azure.net/"
        },
        "MySql1_properties_typeProperties_connectionString_secretName": {
            "value": "mysql"
        },
        "SHIR-PRO_properties_typeProperties_linkedInfo_resourceId": {
            "value": "/subscriptions/4b3d27d7-ff8a-428b-acaa-856bcf94bba6/resourcegroups/IBL-PROD-RG/providers/Microsoft.DataFactory/factories/IBL-PROD-ENV/integrationruntimes/SHIR-PRO"
        }
    }
}