{
    "$schema": "http://schema.management.azure.com/schemas/2015-01-01/deploymentTemplate.json#",
    "contentVersion": "1.0.0.0",
    "parameters": {
        "factoryName": {
            "type": "string",
            "metadata": "Data Factory name",
            "defaultValue": "IBL-DEV-ENV"
        },
        "AzureDataLakeStorage1_properties_typeProperties_url": {
            "type": "string",
            "defaultValue": "https://ibldevadls101.dfs.core.windows.net/"
        },
        "LS_DevKeyVault1_properties_typeProperties_baseUrl": {
            "type": "string",
            "defaultValue": "https://IBL-DEV-KV.vault.azure.net/"
        },
        "MySql1_properties_typeProperties_connectionString_secretName": {
            "type": "string",
            "defaultValue": "mysql"
        },
        "SHIR-PRO_properties_typeProperties_linkedInfo_resourceId": {
            "type": "string",
            "defaultValue": "/subscriptions/4b3d27d7-ff8a-428b-acaa-856bcf94bba6/resourcegroups/IBL-PROD-RG/providers/Microsoft.DataFactory/factories/IBL-PROD-ENV/integrationruntimes/SHIR-PRO"
        }
    },
    "variables": {
        "factoryId": "[concat('Microsoft.DataFactory/factories/', parameters('factoryName'))]"
    },
    "resources": [
        {
            "name": "[concat(parameters('factoryName'), '/copy_all_tables')]",
            "type": "Microsoft.DataFactory/factories/pipelines",
            "apiVersion": "2018-06-01",
            "properties": {
                "activities": [
                    {
                        "name": "Look_for_all_tables",
                        "type": "Lookup",
                        "dependsOn": [],
                        "policy": {
                            "timeout": "0.12:00:00",
                            "retry": 0,
                            "retryIntervalInSeconds": 30,
                            "secureOutput": false,
                            "secureInput": false
                        },
                        "userProperties": [],
                        "typeProperties": {
                            "source": {
                                "type": "MySqlSource",
                                "query": "SELECT table_schema, table_name\nFROM information_schema.tables\nWHERE table_schema = 'api_jpa'"
                            },
                            "dataset": {
                                "referenceName": "MySqlTable1",
                                "type": "DatasetReference",
                                "parameters": {}
                            },
                            "firstRowOnly": false
                        }
                    },
                    {
                        "name": "ForEach1",
                        "type": "ForEach",
                        "dependsOn": [
                            {
                                "activity": "Look_for_all_tables",
                                "dependencyConditions": [
                                    "Succeeded"
                                ]
                            }
                        ],
                        "userProperties": [],
                        "typeProperties": {
                            "items": {
                                "value": "@activity('Look_for_all_tables').output.value",
                                "type": "Expression"
                            },
                            "activities": [
                                {
                                    "name": "copy each table",
                                    "type": "Copy",
                                    "dependsOn": [],
                                    "policy": {
                                        "timeout": "0.12:00:00",
                                        "retry": 0,
                                        "retryIntervalInSeconds": 30,
                                        "secureOutput": false,
                                        "secureInput": false
                                    },
                                    "userProperties": [],
                                    "typeProperties": {
                                        "source": {
                                            "type": "MySqlSource",
                                            "query": {
                                                "value": "@{concat(' SELECT * FROM ', item().table_schema,'.',item().table_name)}",
                                                "type": "Expression"
                                            }
                                        },
                                        "sink": {
                                            "type": "ParquetSink",
                                            "storeSettings": {
                                                "type": "AzureBlobFSWriteSettings"
                                            },
                                            "formatSettings": {
                                                "type": "ParquetWriteSettings"
                                            }
                                        },
                                        "enableStaging": false,
                                        "translator": {
                                            "type": "TabularTranslator",
                                            "typeConversion": true,
                                            "typeConversionSettings": {
                                                "allowDataTruncation": true,
                                                "treatBooleanAsNumber": false
                                            }
                                        }
                                    },
                                    "inputs": [
                                        {
                                            "referenceName": "MySqlTable1",
                                            "type": "DatasetReference",
                                            "parameters": {}
                                        }
                                    ],
                                    "outputs": [
                                        {
                                            "referenceName": "Parquet1table",
                                            "type": "DatasetReference",
                                            "parameters": {
                                                "schemaname": {
                                                    "value": "@item().table_schema",
                                                    "type": "Expression"
                                                },
                                                "tablename": {
                                                    "value": "@item().table_name",
                                                    "type": "Expression"
                                                }
                                            }
                                        }
                                    ]
                                }
                            ]
                        }
                    }
                ],
                "policy": {
                    "elapsedTimeMetric": {}
                },
                "annotations": [],
                "lastPublishTime": "2023-12-19T16:33:43Z"
            },
            "dependsOn": [
                "[concat(variables('factoryId'), '/datasets/MySqlTable1')]",
                "[concat(variables('factoryId'), '/datasets/Parquet1table')]"
            ]
        },
        {
            "name": "[concat(parameters('factoryName'), '/MySqlTable1')]",
            "type": "Microsoft.DataFactory/factories/datasets",
            "apiVersion": "2018-06-01",
            "properties": {
                "linkedServiceName": {
                    "referenceName": "MySql1",
                    "type": "LinkedServiceReference"
                },
                "annotations": [],
                "type": "MySqlTable",
                "schema": [],
                "typeProperties": {}
            },
            "dependsOn": [
                "[concat(variables('factoryId'), '/linkedServices/MySql1')]"
            ]
        },
        {
            "name": "[concat(parameters('factoryName'), '/Parquet1table')]",
            "type": "Microsoft.DataFactory/factories/datasets",
            "apiVersion": "2018-06-01",
            "properties": {
                "linkedServiceName": {
                    "referenceName": "AzureDataLakeStorage1",
                    "type": "LinkedServiceReference"
                },
                "parameters": {
                    "schemaname": {
                        "type": "string"
                    },
                    "tablename": {
                        "type": "string"
                    }
                },
                "annotations": [],
                "type": "Parquet",
                "typeProperties": {
                    "location": {
                        "type": "AzureBlobFSLocation",
                        "fileName": {
                            "value": "@{concat(dataset().tablename,'.parquet')}",
                            "type": "Expression"
                        },
                        "folderPath": {
                            "value": "@{concat(dataset().schemaname, '/',dataset().tablename)}",
                            "type": "Expression"
                        },
                        "fileSystem": "bronze"
                    },
                    "compressionCodec": "snappy"
                },
                "schema": []
            },
            "dependsOn": [
                "[concat(variables('factoryId'), '/linkedServices/AzureDataLakeStorage1')]"
            ]
        },
        {
            "name": "[concat(parameters('factoryName'), '/AzureDataLakeStorage1')]",
            "type": "Microsoft.DataFactory/factories/linkedServices",
            "apiVersion": "2018-06-01",
            "properties": {
                "annotations": [],
                "type": "AzureBlobFS",
                "typeProperties": {
                    "url": "[parameters('AzureDataLakeStorage1_properties_typeProperties_url')]",
                    "accountKey": {
                        "type": "AzureKeyVaultSecret",
                        "store": {
                            "referenceName": "LS_DevKeyVault1",
                            "type": "LinkedServiceReference"
                        },
                        "secretName": "storageactkey"
                    }
                }
            },
            "dependsOn": [
                "[concat(variables('factoryId'), '/linkedServices/LS_DevKeyVault1')]"
            ]
        },
        {
            "name": "[concat(parameters('factoryName'), '/LS_DevKeyVault1')]",
            "type": "Microsoft.DataFactory/factories/linkedServices",
            "apiVersion": "2018-06-01",
            "properties": {
                "annotations": [],
                "type": "AzureKeyVault",
                "typeProperties": {
                    "baseUrl": "[parameters('LS_DevKeyVault1_properties_typeProperties_baseUrl')]"
                }
            },
            "dependsOn": []
        },
        {
            "name": "[concat(parameters('factoryName'), '/MySql1')]",
            "type": "Microsoft.DataFactory/factories/linkedServices",
            "apiVersion": "2018-06-01",
            "properties": {
                "annotations": [],
                "type": "MySql",
                "typeProperties": {
                    "connectionString": {
                        "type": "AzureKeyVaultSecret",
                        "store": {
                            "referenceName": "LS_DevKeyVault1",
                            "type": "LinkedServiceReference"
                        },
                        "secretName": "[parameters('MySql1_properties_typeProperties_connectionString_secretName')]"
                    }
                },
                "connectVia": {
                    "referenceName": "SHIR-PRO",
                    "type": "IntegrationRuntimeReference"
                }
            },
            "dependsOn": [
                "[concat(variables('factoryId'), '/integrationRuntimes/SHIR-PRO')]",
                "[concat(variables('factoryId'), '/linkedServices/LS_DevKeyVault1')]"
            ]
        },
        {
            "name": "[concat(parameters('factoryName'), '/SHIR-PRO')]",
            "type": "Microsoft.DataFactory/factories/integrationRuntimes",
            "apiVersion": "2018-06-01",
            "properties": {
                "type": "SelfHosted",
                "typeProperties": {
                    "linkedInfo": {
                        "resourceId": "[parameters('SHIR-PRO_properties_typeProperties_linkedInfo_resourceId')]",
                        "authorizationType": "Rbac"
                    }
                }
            },
            "dependsOn": []
        }
    ]
}